   4785972,    101750,      2664,0,-16,1724,-1307,-251,-1508,2712,14738,-4,19,-11,0,0,0,0,496,11,11,11,10,40,10
   5086043,    101748,      2664,0,-16,1742,-1324,-273,-1486,2718,14778,-6,19,-12,0,0,0,0,496,11,11,11,10,40,10
   5386368,    101748,      2664,0,-16,1758,-1337,-300,-1492,2686,14736,-4,19,-14,0,0,0,0,496,11,11,11,10,40,10
   5686344,    101748,      2664,0,-16,1774,-1347,-318,-1496,2692,14748,-4,19,-10,0,0,0,0,496,11,11,11,10,40,10
   5986359,    101750,      2664,0,-16,1785,-1355,-334,-1480,2714,14736,-3,19,-10,0,0,0,0,496,11,11,11,10,40,10
   6286355,    101749,      2663,0,-16,1793,-1362,-354,-1490,2688,14714,-3,19,-11,0,0,0,0,496,11,11,11,10,40,10
   6586358,    101749,      2664,0,-16,1807,-1368,-375,-1488,2700,14732,0,19,-9,0,0,0,0,496,11,11,11,10,40,10
   6886362,    101749,      2664,0,-16,1811,-1371,-393,-1496,2702,14734,-3,19,-11,0,0,0,0,496,11,11,11,10,40,10
   7186367,    101746,      2664,0,-16,1815,-1374,-409,-1454,2732,14754,-2,19,-10,0,0,0,0,496,11,11,11,10,40,10
   7486376,    101749,      2664,0,-16,1818,-1377,-426,-1488,2712,14740,-4,21,-10,0,0,0,0,496,11,11,11,10,40,10
   7786386,    101751,      2665,0,-16,1822,-1377,-443,-1474,2700,14746,-3,19,-10,0,0,0,0,496,11,11,11,10,40,10
   8086389,    101753,      2665,0,-16,1824,-1378,-459,-1482,2708,14766,-3,19,-11,0,0,0,0,496,11,11,11,10,40,10
   8386393,    101749,      2665,5,-16,1825,-1379,-476,-1504,2736,14760,-3,18,-10,0,0,0,0,496,11,11,11,10,40,10
   8686419,    101748,      2665,5,-16,1828,-1380,-492,-1486,2720,14728,-3,19,-10,0,0,0,0,496,11,11,11,10,40,10
   8986422,    101747,      2666,5,-16,1831,-1381,-507,-1492,2710,14772,-4,19,-11,0,0,0,0,496,11,11,11,10,40,10
   9286433,    101747,      2666,5,-16,1832,-1383,-524,-1486,2730,14732,-4,19,-10,0,0,0,0,496,11,11,11,10,40,10
   9586446,    101748,      2666,5,-16,1834,-1384,-540,-1498,2736,14748,-3,18,-10,0,0,0,0,496,11,11,11,10,40,10
   9886450,    101747,      2666,5,-16,1892,-1387,-569,-1492,2816,14714,6,20,-7,0,0,0,0,496,11,11,11,10,40,10
  10186455,    101746,      2666,5,-16,1900,-1392,-614,-1502,2890,14748,-30,19,-17,0,0,0,0,496,11,11,11,10,40,10
  10486456,    101749,      2666,5,-16,1883,-1392,-638,-1484,2804,14758,-5,19,-11,0,0,0,0,496,11,11,11,10,40,10
  10926649,    101747,      2666,3,-16,1884,-1390,-663,-1488,2794,14740,-5,19,-10,0,0,0,0,496,11,11,11,10,40,10
  11226657,    101746,      2664,3,-16,1884,-1391,-679,-1494,2824,14754,-4,18,-10,0,0,0,0,496,11,11,11,10,40,10
  11526658,    101745,      2665,3,-16,1885,-1390,-695,-1484,2804,14748,-3,21,-10,0,0,0,0,496,11,11,11,10,40,10
  11826660,    101746,      2666,3,-16,1886,-1389,-710,-1478,2814,14750,-4,19,-10,0,0,0,0,496,11,11,11,10,40,10
  12126666,    101748,      2666,3,-16,1886,-1389,-726,-1486,2800,14730,-3,19,-10,0,0,0,0,496,11,11,11,10,40,10
  12426680,    101746,      2667,3,-16,1885,-1389,-743,-1496,2816,14734,-4,19,-10,0,0,0,0,496,11,11,11,10,40,10
  12726688,    101747,      2667,3,-16,1886,-1390,-758,-1492,2794,14740,-4,19,-11,0,0,0,0,496,11,11,11,10,40,10
  13026698,    101748,      2667,3,-16,1886,-1388,-774,-1472,2812,14742,-3,19,-11,0,0,0,0,496,11,11,11,10,40,10
  13326706,    101744,      2667,3,-16,1887,-1389,-790,-1508,2826,14728,-3,19,-10,0,0,0,0,496,11,11,11,10,40,10
  13626714,    101746,      2667,3,-16,1887,-1389,-805,-1496,2794,14788,-5,19,-10,0,0,0,0,496,11,11,11,10,40,10
  13926726,    101746,      2667,3,-16,1884,-1389,-828,-1482,2790,14728,-3,19,-11,0,0,0,0,496,11,11,11,10,40,10
  14226734,    101748,      2667,3,-16,1884,-1389,-844,-1520,2764,14764,-4,19,-10,0,0,0,0,496,11,11,11,10,40,10
  14526737,    101747,      2667,3,-16,1884,-1389,-861,-1490,2784,14750,-4,19,-10,0,0,0,0,496,11,11,11,10,40,10
  14826741,    101745,      2667,3,-16,1884,-1380,-875,-1478,2820,14820,7,0,2,0,0,0,0,496,11,11,11,10,40,10
  15126742,    101748,      2667,3,-16,1895,-1315,-876,-1500,2814,14696,-3,-1,-2,0,0,0,0,496,11,11,11,10,40,10
  15426752,    101747,      2667,3,-16,1903,-1262,-875,-1484,2800,14736,-3,-1,0,0,0,0,0,496,11,11,11,10,40,10
  15726827,    101748,      2667,5,-16,1910,-1219,-873,-1476,2798,14720,-1,-1,0,600,600,600,600,496,11,11,11,10,40,10
  16026846,    101746,      2667,5,-16,1915,-1184,-871,-1490,2796,14736,-1,-1,0,600,600,600,600,496,11,11,11,10,40,10
  16326877,    101746,      2667,5,-16,1919,-1155,-870,-1492,2784,14736,-2,-1,0,600,600,600,600,496,11,11,11,10,40,10
  16626906,    101749,      2667,5,-16,1922,-1133,-868,-1500,2796,14730,-2,-1,-1,600,600,600,600,496,11,11,11,10,40,10
  16926970,    101746,      2667,5,-16,1925,-1115,-867,-1488,2820,14752,-1,-1,0,600,600,600,600,496,11,11,11,10,40,10
  17227059,    101745,      2667,5,-16,1927,-1098,-865,-1490,2804,14774,-2,-1,0,600,600,600,600,496,11,11,11,10,40,10
  17527114,    101745,      2667,5,-16,1929,-1086,-863,-1482,2784,14736,-1,0,-1,600,600,600,600,496,11,11,11,10,40,10
  17827162,    101747,      2667,5,-16,1930,-1076,-862,-1510,2794,14756,-2,-1,-1,600,600,600,600,496,11,11,11,10,40,10
  18127264,    101749,      2667,5,-16,1931,-1068,-861,-1498,2802,14746,-2,-1,0,600,600,600,600,496,11,11,11,10,40,10
  18427298,    101748,      2667,5,-16,1932,-1062,-860,-1488,2810,14752,-1,0,0,600,600,600,600,496,11,11,11,10,40,10
  18727353,    101748,      2667,5,-16,1933,-1056,-858,-1496,2792,14746,-1,-1,0,600,600,600,600,496,11,11,11,10,40,10
  19027458,    101748,      2668,5,-16,1933,-1051,-857,-1484,2794,14764,-1,-1,0,600,600,600,600,496,11,11,11,10,40,10
  19327543,    101748,      2667,5,-16,1934,-1047,-856,-1482,2796,14720,-1,-1,0,600,600,600,600,496,11,11,11,10,40,10
  19627590,    101746,      2668,5,-16,1934,-1044,-855,-1504,2812,14734,-2,-1,-1,600,600,600,600,496,11,11,11,10,40,10
  19927604,    101744,      2667,5,-16,1935,-1042,-854,-1492,2804,14748,-1,-1,0,600,600,600,600,496,11,11,11,10,40,10
  20227649,    101746,      2668,5,-16,1935,-1040,-853,-1484,2768,14590,-22,-1,-8,600,600,600,600,496,11,11,11,10,40,10
  20527666,    101745,      2668,5,-16,1936,-1039,-861,-1498,2752,14776,-1,0,-1,600,600,600,600,496,11,11,11,10,40,10
  20827679,    101746,      2668,5,-16,1936,-1038,-861,-1492,2814,14744,-2,-1,-1,600,600,600,600,496,11,11,11,10,40,10
  21127691,    101747,      2668,5,-16,1934,-1039,-863,-1508,2792,14756,-1,-1,-2,600,600,600,600,496,11,11,11,10,40,10
  21427761,    101748,      2668,5,-16,1935,-1038,-863,-1492,2776,14726,-2,-1,-1,600,600,600,600,496,11,11,11,10,40,10
  21727831,    101747,      2668,5,-16,1934,-1038,-863,-1510,2778,14742,-4,-1,0,600,600,600,600,496,11,11,11,10,40,10
  22027902,    101746,      2668,5,-16,1932,-1037,-863,-1478,2802,14758,-1,-1,0,600,600,600,600,496,11,11,11,10,40,10
  22327934,    101749,      2669,5,-16,1931,-1037,-862,-1478,2782,14780,-1,-1,-1,600,600,600,600,496,11,11,11,10,40,10
  26563538,    101748,      2669,0,-16,1951,-1037,-890,-1494,2798,14736,0,0,-2,0,0,0,0,496,11,11,11,10,40,10
  26865580,    101752,      2664,0,-16,1952,-1034,-886,-1482,2774,14744,0,0,-1,0,0,0,0,496,11,11,11,10,40,10
  27165694,    101752,      2666,0,-16,1953,-1033,-884,-1460,2800,14778,0,0,0,0,0,0,0,496,11,11,11,10,40,10
  27465811,    101753,      2667,0,-16,1953,-1032,-883,-1504,2782,14740,0,0,0,0,0,0,0,496,11,11,11,10,40,10
  27765811,    101752,      2667,0,-16,1955,-1032,-881,-1496,2802,14736,0,0,0,0,0,0,0,496,11,11,11,10,40,10
  28065822,    101752,      2667,0,-16,1956,-1032,-880,-1514,2820,14712,0,0,0,0,0,0,0,496,11,11,11,10,40,10
  28365894,    101752,      2668,0,-16,1957,-1033,-878,-1500,2800,14766,0,0,-1,0,0,0,0,496,11,11,11,10,40,10
  28665989,    101752,      2668,0,-16,1958,-1032,-876,-1508,2806,14726,-1,-1,0,0,0,0,0,496,11,11,11,10,40,10
  28965992,    101751,      2668,0,-16,1956,-1031,-874,-1508,2800,14784,0,0,0,0,0,0,0,496,11,11,11,10,40,10
  29266001,    101750,      2668,0,-16,1956,-1030,-872,-1482,2794,14768,-1,-1,0,0,0,0,0,496,11,11,11,10,40,10
  29566010,    101750,      2668,0,-16,1955,-1029,-871,-1496,2786,14736,-1,-1,0,0,0,0,0,496,11,11,11,10,40,10
  29866014,    101752,      2668,0,-16,1957,-1030,-869,-1490,2784,14760,0,0,0,0,0,0,0,496,11,11,11,10,40,10
  30166109,    101751,      2668,0,-16,1956,-1029,-867,-1496,2796,14764,-1,-1,0,0,0,0,0,496,11,11,11,10,40,10
  30466136,    101753,      2668,0,-16,1955,-1029,-866,-1492,2806,14754,-1,-1,0,0,0,0,0,496,11,11,11,10,40,10
  30766355,    101753,      2669,2,-16,1955,-1030,-865,-1494,2808,14764,0,0,0,286,286,273,299,496,11,11,11,10,40,10
  31066358,    101749,      2669,2,-16,1955,-1030,-864,-1488,2806,14768,0,0,0,286,286,273,299,496,11,11,11,10,40,10
  31366416,    101752,      2669,2,-16,1956,-1030,-862,-1502,2782,14744,-1,-1,0,286,286,273,299,496,11,11,11,10,40,10
  31666929,    101748,      2669,2,-16,1956,-1030,-861,-1516,2796,14738,-1,-1,0,286,286,273,299,496,11,11,11,10,40,10
  31966969,    101748,      2669,2,-16,1956,-1030,-860,-1498,2794,14758,0,0,0,286,286,273,299,496,11,11,11,10,40,10
  32267046,    101747,      2669,2,-16,1956,-1031,-859,-1494,2798,14740,-1,-1,0,286,286,273,299,496,11,11,11,10,40,10
  32567102,    101748,      2669,2,-16,1955,-1031,-858,-1506,2790,14720,-1,-1,0,286,286,273,299,496,11,11,11,10,40,10
  32867311,    101748,      2669,2,-16,1954,-1032,-857,-1486,2792,14746,0,0,0,286,286,273,299,496,11,11,11,10,40,10
  33167311,    101749,      2669,2,-16,1954,-1033,-856,-1502,2796,14744,-1,-1,0,286,286,273,299,496,11,11,11,10,40,10
  33467340,    101749,      2669,2,-16,1954,-1031,-855,-1508,2826,14804,1,0,0,286,286,273,299,496,11,11,11,10,40,10
  33767375,    101754,      2668,2,-16,1955,-1032,-855,-1494,2782,14752,-1,-1,0,286,286,273,299,496,11,11,11,10,40,10
  34067428,    101755,      2669,2,-16,1955,-1032,-853,-1508,2818,14762,0,0,0,286,286,273,299,496,11,11,11,10,40,10
  38073807,    101755,      2669,0,-16,1954,-1030,-839,-1472,2798,14732,0,0,0,0,0,0,0,496,11,11,11,10,40,10
  38377301,    101744,      2661,0,-16,1953,-1030,-839,-1490,2790,14782,-1,-1,0,0,0,0,0,496,11,11,11,10,40,10
  38677313,    101745,      2665,0,-16,1952,-1030,-840,-1478,2770,14774,-3,-1,-2,0,0,0,0,496,11,11,11,10,40,10
  38977322,    101745,      2667,0,-16,1955,-1032,-842,-1524,2826,14752,-2,-1,-1,0,0,0,0,496,11,11,11,10,40,10
  39277331,    101744,      2667,0,-16,1956,-1032,-842,-1496,2810,14776,1,0,0,0,0,0,0,496,11,11,11,10,40,10
  39577334,    101746,      2668,0,-16,1956,-1032,-843,-1490,2840,14792,0,2,0,0,0,0,0,496,11,11,11,10,40,10
  39877339,    101746,      2668,0,-16,1959,-1032,-844,-1500,2812,14758,0,0,0,0,0,0,0,496,11,11,11,10,40,10
  40177346,    101745,      2668,0,-16,1959,-1032,-843,-1506,2812,14722,-1,-1,0,0,0,0,0,496,11,11,11,10,40,10
  40477353,    101744,      2668,0,-16,1960,-1031,-843,-1498,2812,14752,0,0,0,0,0,0,0,496,11,11,11,10,40,10
  40777432,    101746,      2668,0,-16,1959,-1030,-842,-1482,2792,14756,-1,-1,0,0,0,0,0,496,11,11,11,10,40,10
  41077444,    101747,      2668,0,-16,1958,-1030,-842,-1476,2794,14740,0,0,0,0,0,0,0,496,11,11,11,10,40,10
  41377468,    101746,      2668,0,-16,1958,-1031,-842,-1516,2814,14760,-1,-1,0,0,0,0,0,496,11,11,11,10,40,10
  51522902,    101749,      2668,0,-16,1963,-1032,-817,-1464,2754,14686,-4,0,-2,0,0,0,0,496,11,11,11,10,40,10
  51825802,    101754,      2662,0,-16,1963,-1032,-814,-1488,2810,14768,0,0,-1,0,0,0,0,496,11,11,11,10,40,10
  52125808,    101752,      2666,0,-16,1964,-1031,-812,-1470,2810,14720,-1,-1,0,0,0,0,0,496,11,11,11,10,40,10
  52425809,    101749,      2667,0,-16,1964,-1030,-810,-1474,2826,14750,-1,-1,0,0,0,0,0,496,11,11,11,10,40,10
  52726128,    101750,      2667,0,-16,1964,-1031,-808,-1512,2818,14722,0,0,0,0,0,0,0,496,11,11,11,10,40,10
  53025825,    101751,      2668,0,-16,1964,-1030,-805,-1500,2812,14746,-1,-1,0,0,0,0,0,496,11,11,11,10,40,10
  53325830,    101752,      2667,0,-16,1964,-1032,-803,-1490,2818,14756,0,0,-1,0,0,0,0,496,11,11,11,10,40,10
  53625840,    101751,      2668,0,-16,1964,-1032,-803,-1490,2796,14734,0,0,0,0,0,0,0,496,11,11,11,10,40,10
  53925845,    101752,      2668,0,-16,1963,-1033,-803,-1482,2818,14764,0,0,0,0,0,0,0,496,11,11,11,10,40,10
  54225859,    101752,      2668,0,-16,1962,-1033,-802,-1502,2806,14774,-1,-1,0,0,0,0,0,496,11,11,11,10,40,10
  54525864,    101749,      2668,0,-16,1962,-1033,-802,-1506,2806,14742,-1,-1,0,0,0,0,0,496,11,11,11,10,40,10
  54825866,    101750,      2668,0,-16,1961,-1034,-802,-1504,2808,14728,-2,-1,-1,0,0,0,0,496,11,11,11,10,40,10
  55125869,    101750,      2668,0,-16,1959,-1035,-802,-1496,2792,14746,0,0,0,0,0,0,0,496,11,11,11,10,40,10
  55425896,    101749,      2668,0,-16,1959,-1035,-802,-1494,2816,14748,0,0,-1,0,0,0,0,496,11,11,11,10,40,10
  55725901,    101751,      2668,0,-16,1959,-1035,-802,-1494,2794,14774,-1,-1,-1,0,0,0,0,496,11,11,11,10,40,10
  56025903,    101748,      2668,0,-16,1959,-1034,-802,-1478,2796,14706,-1,-1,0,0,0,0,0,496,11,11,11,10,40,10
  56325906,    101751,      2668,0,-16,1959,-1034,-801,-1496,2798,14746,0,0,0,0,0,0,0,496,11,11,11,10,40,10
  56625911,    101751,      2669,0,-16,1958,-1035,-800,-1494,2796,14758,0,0,0,0,0,0,0,496,11,11,11,10,40,10
  56925923,    101749,      2669,0,-16,1958,-1034,-801,-1460,2804,14748,-1,-1,0,0,0,0,0,496,11,11,11,10,40,10
  57225924,    101751,      2669,0,-16,1959,-1033,-800,-1480,2810,14758,-1,-1,0,0,0,0,0,496,11,11,11,10,40,10
  57525928,    101749,      2670,0,-16,1958,-1033,-800,-1504,2816,14726,-1,-1,0,0,0,0,0,496,11,11,11,10,40,10
  57825937,    101751,      2670,0,-16,1959,-1035,-799,-1506,2826,14722,0,0,0,0,0,0,0,496,11,11,11,10,40,10
  58125949,    101747,      2670,0,-16,1960,-1033,-798,-1488,2802,14760,0,0,0,0,0,0,0,496,11,11,11,10,40,10
  58425965,    101749,      2670,0,-16,1961,-1033,-798,-1498,2810,14742,-1,-1,0,0,0,0,0,496,11,11,11,10,40,10
  58725967,    101748,      2670,0,-16,1960,-1032,-797,-1460,2814,14752,-1,-2,0,0,0,0,0,496,11,11,11,10,40,10
  59025969,    101747,      2670,0,-16,1959,-1032,-797,-1506,2796,14778,0,0,0,0,0,0,0,496,11,11,11,10,40,10
  59325977,    101744,      2670,0,-16,1959,-1033,-797,-1474,2814,14774,-1,-1,0,0,0,0,0,496,11,11,11,10,40,10
  59625986,    101743,      2670,0,-16,1966,-1032,-786,-1510,2832,14764,-1,-1,0,0,0,0,0,496,11,11,11,10,40,10
  59925993,    101746,      2670,0,-16,1961,-1031,-786,-1498,2802,14748,-1,-1,0,0,0,0,0,496,11,11,11,10,40,10
  60226009,    101746,      2670,0,-16,1959,-1030,-785,-1480,2806,14750,-3,-1,0,0,0,0,0,496,11,11,11,10,40,10
  60526017,    101749,      2670,0,-16,1956,-1036,-813,-1480,2794,14718,0,1,-13,0,0,0,0,496,11,11,11,10,40,10
  60826039,    101749,      2670,0,-16,1961,-1039,-836,-1480,2816,14734,0,0,1,0,0,0,0,496,11,11,11,10,40,10
  61126041,    101751,      2670,0,-16,1966,-1050,-896,-1634,2962,14724,-9,0,-10,0,0,0,0,496,11,11,11,10,40,10
  61426048,    101752,      2670,0,-16,1966,-1049,-913,-1486,2768,14726,11,0,2,0,0,0,0,496,11,11,11,10,40,10
  61726048,    101749,      2670,0,-16,1970,-1046,-912,-1492,2830,14766,-1,-1,0,0,0,0,0,496,11,11,11,10,40,10
  62026059,    101752,      2671,0,-16,1970,-1042,-913,-1468,2804,14776,-1,-1,0,0,0,0,0,496,11,11,11,10,40,10
  62326083,    101751,      2670,0,-16,1971,-1040,-912,-1480,2846,14786,0,0,0,0,0,0,0,496,11,11,11,10,40,10
  62625911,    101749,      2670,0,-16,1971,-1038,-912,-1514,2820,14720,-1,-1,0,0,0,0,0,496,11,11,11,10,40,10
  62926056,    101748,      2670,0,-16,1971,-1036,-910,-1480,2810,14758,-1,-1,0,0,0,0,0,496,11,11,11,10,40,10
  63226352,    101746,      2670,0,-16,1971,-1036,-910,-1492,2810,14752,-2,-1,0,0,0,0,0,496,11,11,11,10,40,10
  63526358,    101749,      2670,0,-16,1971,-1034,-910,-1492,2828,14764,-1,-1,0,0,0,0,0,496,11,11,11,10,40,10
  63826369,    101747,      2670,0,-16,1969,-1033,-910,-1482,2810,14724,-1,-1,0,0,0,0,0,496,11,11,11,10,40,10
  64126375,    101745,      2670,0,-16,1970,-1034,-910,-1484,2826,14748,-1,-1,-1,0,0,0,0,496,11,11,11,10,40,10
  64426382,    101746,      2670,0,-16,1971,-1033,-909,-1482,2818,14740,-1,-2,-1,0,0,0,0,496,11,11,11,10,40,10
  64726385,    101744,      2670,0,-16,1971,-1033,-909,-1488,2836,14772,-1,-1,-1,0,0,0,0,496,11,11,11,10,40,10
  65026552,    101747,      2670,0,-16,1972,-1033,-909,-1496,2814,14754,-1,-1,-1,0,0,0,0,496,11,11,11,10,40,10
  65326555,    101748,      2670,2,-16,1971,-1033,-908,-1492,2820,14730,-1,-1,-1,286,286,273,299,496,11,11,11,10,40,10
  65626562,    101748,      2670,2,-16,1972,-1033,-908,-1470,2842,14756,-1,-1,0,286,286,273,299,496,11,11,11,10,40,10
  65926576,    101748,      2670,2,-16,1972,-1033,-909,-1500,2816,14718,-1,-1,-1,286,286,273,299,496,11,11,11,10,40,10
  66226611,    101747,      2670,2,-16,1973,-1033,-908,-1494,2828,14734,-1,-1,0,286,286,273,299,496,11,11,11,10,40,10
  66526660,    101748,      2670,2,-16,1973,-1034,-909,-1506,2836,14746,0,0,0,286,286,273,299,496,11,11,11,10,40,10
  66826718,    101749,      2670,2,-16,1973,-1034,-908,-1490,2828,14762,-1,-1,0,286,286,273,299,496,11,11,11,10,40,10
  67126753,    101750,      2670,2,-16,1974,-1033,-908,-1492,2836,14734,-1,-1,0,286,286,273,299,496,11,11,11,10,40,10
  67426769,    101750,      2670,2,-16,1974,-1032,-907,-1490,2834,14730,-1,-1,0,286,286,273,299,496,11,11,11,10,40,10
  67726775,    101750,      2669,2,-16,1975,-1033,-907,-1474,2822,14756,0,1,-1,286,286,273,299,496,11,11,11,10,40,10
  68026823,    101752,      2670,2,-16,1975,-1033,-906,-1498,2810,14752,-1,-1,0,286,286,273,299,496,11,11,11,10,40,10
  68326886,    101751,      2669,2,-16,1975,-1033,-906,-1480,2836,14752,0,0,0,286,286,273,299,496,11,11,11,10,40,10
  68626971,    101750,      2669,2,-16,1974,-1032,-906,-1494,2832,14748,-1,-1,-1,286,286,273,299,496,11,11,11,10,40,10
  68927000,    101751,      2669,2,-16,1976,-1031,-906,-1502,2822,14718,0,0,0,286,286,273,299,496,11,11,11,10,40,10
  69227034,    101751,      2669,2,-16,1976,-1032,-905,-1488,2838,14728,-1,-1,0,286,286,273,299,496,11,11,11,10,40,10
  69527071,    101753,      2669,2,-16,1975,-1031,-904,-1482,2812,14746,-1,-1,-1,286,286,273,299,496,11,11,11,10,40,10
  69827097,    101752,      2669,2,-16,1974,-1032,-904,-1478,2836,14752,-1,-1,0,286,286,273,299,496,11,11,11,10,40,10
  70127099,    101754,      2669,2,-16,1973,-1032,-903,-1484,2842,14766,0,0,-1,286,286,273,299,496,11,11,11,10,40,10
  70427133,    101754,      2669,2,-16,1973,-1032,-903,-1486,2834,14784,2,0,0,286,286,273,299,496,11,11,11,10,40,10
  70727182,    101752,      2669,2,-16,1973,-1033,-902,-1484,2822,14728,0,0,0,286,286,273,299,496,11,11,11,10,40,10
  71027187,    101753,      2668,2,-16,1974,-1033,-901,-1476,2824,14764,-1,-1,0,286,286,273,299,496,11,11,11,10,40,10
  71327203,    101753,      2669,2,-16,1974,-1033,-901,-1474,2844,14758,0,0,0,286,286,273,299,496,11,11,11,10,40,10
  71627267,    101753,      2669,2,-16,1974,-1032,-901,-1484,2832,14730,-1,-1,0,286,286,273,299,496,11,11,11,10,40,10
  71927326,    101751,      2668,2,-16,1973,-1032,-900,-1476,2826,14758,-1,-1,0,286,286,273,299,496,11,11,11,10,40,10
  72227339,    101752,      2668,2,-16,1972,-1032,-900,-1488,2810,14740,-1,-1,0,286,286,273,299,496,11,11,11,10,40,10
  72527390,    101751,      2668,2,-16,1972,-1032,-899,-1508,2836,14716,-1,-1,0,286,286,273,299,496,11,11,11,10,40,10
  72827396,    101752,      2668,2,-16,1972,-1032,-898,-1502,2820,14732,-1,-1,0,286,286,273,299,496,11,11,11,10,40,10
  73127408,    101753,      2668,2,-16,1973,-1033,-897,-1482,2828,14756,0,0,-1,286,286,273,299,496,11,11,11,10,40,10
  73427454,    101753,      2668,2,-16,1973,-1032,-897,-1484,2830,14764,0,0,-1,286,286,273,299,496,11,11,11,10,40,10
  73727508,    101750,      2668,2,-16,1974,-1033,-896,-1478,2832,14710,-1,-1,0,286,286,273,299,496,11,11,11,10,40,10
  74027518,    101754,      2668,2,-16,1975,-1033,-895,-1482,2836,14720,0,0,-1,286,286,273,299,496,11,11,11,10,40,10
  74327565,    101752,      2668,2,-16,1976,-1033,-894,-1472,2842,14742,-1,-1,0,286,286,273,299,496,11,11,11,10,40,10
  74627585,    101754,      2668,2,-16,1975,-1033,-894,-1472,2808,14740,-1,-1,0,286,286,273,299,496,11,11,11,10,40,10
  74927622,    101753,      2668,2,-16,1975,-1033,-894,-1486,2816,14728,0,0,0,286,286,273,299,496,11,11,11,10,40,10
  75227677,    101754,      2668,2,-16,1976,-1033,-894,-1482,2826,14760,0,0,0,286,286,273,299,496,11,11,11,10,40,10
  75527705,    101753,      2668,2,-16,1975,-1033,-893,-1500,2832,14768,0,0,0,286,286,273,299,496,11,11,11,10,40,10
  75827732,    101755,      2668,2,-16,1975,-1032,-893,-1474,2832,14748,0,0,0,286,286,273,299,496,11,11,11,10,40,10
  76127711,    101752,      2668,2,-16,1975,-1032,-892,-1492,2820,14760,0,0,0,286,286,273,299,496,11,11,11,10,40,10
  76428044,    101750,      2668,2,-16,1974,-1032,-892,-1496,2812,14764,0,0,0,286,286,273,299,496,11,11,11,10,40,10
  76728058,    101753,      2668,2,-16,1973,-1032,-892,-1486,2834,14752,-1,-1,0,286,286,273,299,496,11,11,11,10,40,10
  77028144,    101754,      2668,2,-16,1973,-1034,-892,-1488,2816,14752,0,0,0,286,286,273,299,496,11,11,11,10,40,10
  77328175,    101753,      2668,2,-16,1974,-1033,-892,-1488,2814,14794,0,0,0,286,286,273,299,496,11,11,11,10,40,10
  77628216,    101752,      2668,2,-16,1974,-1032,-891,-1486,2826,14754,-1,-1,0,286,286,273,299,496,11,11,11,10,40,10
  77928279,    101753,      2668,2,-16,1976,-1032,-891,-1502,2832,14770,-1,-1,0,286,286,273,299,496,11,11,11,10,40,10
  78228304,    101751,      2668,2,-16,1975,-1033,-890,-1506,2848,14740,0,0,0,286,286,273,299,496,11,11,11,10,40,10
  78528323,    101752,      2668,2,-16,1975,-1033,-890,-1486,2806,14758,-1,-1,0,286,286,273,299,496,11,11,11,10,40,10
  78828354,    101752,      2668,2,-16,1974,-1033,-890,-1478,2818,14754,0,0,0,286,286,273,299,496,11,11,11,10,40,10
  79128392,    101753,      2668,2,-16,1974,-1033,-889,-1484,2834,14784,-1,-1,0,286,286,273,299,496,11,11,11,10,40,10
  79428434,    101754,      2668,2,-16,1973,-1033,-889,-1502,2820,14734,0,0,0,286,286,273,299,496,11,11,11,10,40,10
  79728461,    101756,      2668,2,-16,1972,-1033,-888,-1506,2840,14768,-1,-1,0,286,286,273,299,496,11,11,11,10,40,10
  80028481,    101754,      2668,2,-16,1972,-1033,-888,-1490,2834,14746,0,0,0,286,286,273,299,496,11,11,11,10,40,10
  80328490,    101754,      2668,2,-16,1972,-1033,-888,-1478,2782,14690,-6,-1,-3,286,286,273,299,496,11,11,11,10,40,10
  80628534,    101751,      2668,2,-16,1973,-1033,-888,-1510,2832,14758,0,0,0,286,286,273,299,496,11,11,11,10,40,10
  80928565,    101754,      2668,2,-16,1973,-1034,-888,-1504,2816,14748,0,0,0,286,286,273,299,496,11,11,11,10,40,10
  81228572,    101753,      2668,2,-16,1974,-1034,-888,-1518,2844,14744,0,0,0,286,286,273,299,496,11,11,11,10,40,10
  81528619,    101753,      2668,2,-16,1975,-1034,-888,-1516,2830,14736,0,0,0,286,286,273,299,496,11,11,11,10,40,10
  81828644,    101751,      2668,2,-16,1974,-1035,-888,-1494,2832,14760,0,0,0,286,286,273,299,496,11,11,11,10,40,10
  82128774,    101747,      2667,2,-16,1974,-1035,-888,-1494,2814,14732,0,0,0,286,286,273,299,496,11,11,11,10,40,10
  82428820,    101752,      2667,2,-16,1974,-1034,-888,-1486,2816,14734,-1,-1,-1,286,286,273,299,496,11,11,11,10,40,10
  86530536,    101750,      2667,0,-16,1975,-1034,-886,-1524,2802,14746,2,-1,0,0,0,0,0,496,11,11,11,10,40,10
  86830592,    101745,      2660,0,-16,1974,-1033,-885,-1496,2834,14764,1,-1,0,0,0,0,0,496,11,11,11,10,40,10
  87130597,    101746,      2663,0,-16,1977,-1032,-884,-1480,2818,14744,-1,-1,0,0,0,0,0,496,11,11,11,10,40,10
  87430607,    101747,      2663,0,-16,1975,-1032,-886,-1486,2826,14746,-1,-2,0,0,0,0,0,496,11,11,11,10,40,10
  87730607,    101745,      2664,0,-16,1975,-1032,-885,-1484,2786,14766,-1,-2,0,0,0,0,0,496,11,11,11,10,40,10
1099576739,    102077,      2494,0,-16,1318,-1003,18866,-1460,1900,14618,-1,-2,0,0,0,0,0,496,11,11,11,10,10,10
1099876747,    102080,      2494,0,-16,1319,-1007,18866,-1408,1910,14608,0,-1,0,0,0,0,0,496,11,11,11,10,10,10
1100176752,    102081,      2494,0,-16,1319,-1009,18866,-1448,1852,14680,-3,-2,-1,0,0,0,0,496,11,11,11,10,10,10
1100776763,    102079,      2494,0,-16,1320,-1014,18867,-1414,1864,14656,0,-2,0,0,0,0,0,496,11,11,11,10,10,10
1101076798,    102078,      2494,0,-16,1320,-1015,18867,-1440,1844,14644,-4,-1,0,0,0,0,0,496,11,11,11,10,10,10
1101676801,    102079,      2494,0,-16,1324,-1018,18869,-1432,1854,14638,-1,-2,0,0,0,0,0,496,11,11,11,10,10,10
1101976806,    102079,      2495,0,-16,1324,-1018,18869,-1436,1872,14688,1,-1,0,0,0,0,0,496,11,11,11,10,10,10
1102276672,    102080,      2495,0,-16,1325,-1019,18870,-1450,1830,14612,-4,-2,0,0,0,0,0,496,11,11,11,10,10,10
1102876985,    102080,      2495,0,-16,1325,-1021,18871,-1458,1906,14632,3,-1,0,0,0,0,0,496,11,11,11,10,10,10
1103176996,    102078,      2495,0,-16,1324,-1022,18871,-1450,1832,14666,0,0,0,0,0,0,0,496,11,11,11,10,10,10
1103777031,    102080,      2495,0,-16,1324,-1020,18872,-1480,1880,14604,0,0,0,0,0,0,0,496,11,11,11,10,10,10
1104077041,    102078,      2495,0,-16,1325,-1021,18873,-1458,1874,14636,-2,-2,0,0,0,0,0,496,11,11,11,10,10,10
1104377064,    102078,      2495,0,-16,1325,-1020,18874,-1442,1902,14654,0,-1,0,0,0,0,0,496,11,11,11,10,10,10
1104977079,    102081,      2495,0,-16,1325,-1022,18874,-1478,1890,14648,1,-1,0,0,0,0,0,496,11,11,11,10,10,10
  48886994,    102054,      2496,0,-16,1867,-1010,-926,-1468,2648,14706,-1,-1,0,0,0,0,0,496,11,11,11,10,10,10
  56087207,    102061,      2497,0,-16,1868,-1009,-922,-1468,2634,14718,-1,-1,0,0,0,0,0,496,11,11,11,10,10,10
  56387215,    102060,      2497,0,-16,1869,-1008,-922,-1456,2696,14664,0,0,0,0,0,0,0,496,11,11,11,10,10,10
  56687218,    102057,      2496,0,-16,1868,-1007,-921,-1440,2694,14694,-1,-2,0,0,0,0,0,496,11,11,11,10,10,10
  56087207,    102061,      2497,0,-16,1868,-1009,-922,-1468,2634,14718,-1,-1,0,0,0,0,0,496,11,11,11,10,10,10
  56387215,    102060,      2497,0,-16,1869,-1008,-922,-1456,2696,14664,0,0,0,0,0,0,0,496,11,11,11,10,10,10
  56687218,    102057,      2496,0,-16,1868,-1007,-921,-1440,2694,14694,-1,-2,0,0,0,0,0,496,11,11,11,10,10,10
  55787196,    102058,      2497,0,-16,1867,-1009,-922,-1468,2672,14726,-1,-1,0,0,0,0,0,496,11,11,11,10,10,10
  56087207,    102061,      2497,0,-16,1868,-1009,-922,-1468,2634,14718,-1,-1,0,0,0,0,0,496,11,11,11,10,10,10
  56387215,    102060,      2497,0,-16,1869,-1008,-922,-1456,2696,14664,0,0,0,0,0,0,0,496,11,11,11,10,10,10
  56687218,    102057,      2496,0,-16,1868,-1007,-921,-1440,2694,14694,-1,-2,0,0,0,0,0,496,11,11,11,10,10,10
  55787196,    102058,      2497,0,-16,1867,-1009,-922,-1468,2672,14726,-1,-1,0,0,0,0,0,496,11,11,11,10,10,10
  56087207,    102061,      2497,0,-16,1868,-1009,-922,-1468,2634,14718,-1,-1,0,0,0,0,0,496,11,11,11,10,10,10
  56387215,    102060,      2497,0,-16,1869,-1008,-922,-1456,2696,14664,0,0,0,0,0,0,0,496,11,11,11,10,10,10
  56687218,    102057,      2496,0,-16,1868,-1007,-921,-1440,2694,14694,-1,-2,0,0,0,0,0,496,11,11,11,10,10,10
  78956179,    102054,      2502,0,-16,1846,-1007,-872,-1420,2680,14688,0,-2,1,0,0,0,0,496,11,11,11,10,10,10
  79256182,    102051,      2502,0,-16,1843,-1006,-873,-1412,2548,14686,-2,-1,0,0,0,0,0,496,11,11,11,10,10,10
  79856200,    102054,      2502,0,-16,1844,-1007,-872,-1458,2612,14702,-1,-1,0,0,0,0,0,496,11,11,11,10,10,10
  78956179,    102054,      2502,0,-16,1846,-1007,-872,-1420,2680,14688,0,-2,1,0,0,0,0,496,11,11,11,10,10,10
  79256182,    102051,      2502,0,-16,1843,-1006,-873,-1412,2548,14686,-2,-1,0,0,0,0,0,496,11,11,11,10,10,10
  79556195,    102055,      2502,0,-16,1843,-1007,-873,-1454,2600,14670,-1,-1,0,0,0,0,0,496,11,11,11,10,10,10
  79856200,    102054,      2502,0,-16,1844,-1007,-872,-1458,2612,14702,-1,-1,0,0,0,0,0,496,11,11,11,10,10,10
  78956179,    102054,      2502,0,-16,1846,-1007,-872,-1420,2680,14688,0,-2,1,0,0,0,0,496,11,11,11,10,10,10
  79256182,    102051,      2502,0,-16,1843,-1006,-873,-1412,2548,14686,-2,-1,0,0,0,0,0,496,11,11,11,10,10,10
  78956179,    102054,      2502,0,-16,1846,-1007,-872,-1420,2680,14688,0,-2,1,0,0,0,0,496,11,11,11,10,10,10
  79256182,    102051,      2502,0,-16,1843,-1006,-873,-1412,2548,14686,-2,-1,0,0,0,0,0,496,11,11,11,10,10,10
  79556195,    102055,      2502,0,-16,1843,-1007,-873,-1454,2600,14670,-1,-1,0,0,0,0,0,496,11,11,11,10,10,10
  79856200,    102054,      2502,0,-16,1844,-1007,-872,-1458,2612,14702,-1,-1,0,0,0,0,0,496,11,11,11,10,10,10
  78956179,    102054,      2502,0,-16,1846,-1007,-872,-1420,2680,14688,0,-2,1,0,0,0,0,496,11,11,11,10,10,10
  79556195,    102055,      2502,0,-16,1843,-1007,-873,-1454,2600,14670,-1,-1,0,0,0,0,0,496,11,11,11,10,10,10
  79856200,    102054,      2502,0,-16,1844,-1007,-872,-1458,2612,14702,-1,-1,0,0,0,0,0,496,11,11,11,10,10,10
  78956179,    102054,      2502,0,-16,1846,-1007,-872,-1420,2680,14688,0,-2,1,0,0,0,0,496,11,11,11,10,10,10
  79256182,    102051,      2502,0,-16,1843,-1006,-873,-1412,2548,14686,-2,-1,0,0,0,0,0,496,11,11,11,10,10,10
  79556195,    102055,      2502,0,-16,1843,-1007,-873,-1454,2600,14670,-1,-1,0,0,0,0,0,496,11,11,11,10,10,10
  79856200,    102054,      2502,0,-16,1844,-1007,-872,-1458,2612,14702,-1,-1,0,0,0,0,0,496,11,11,11,10,10,10
  79556195,    102055,      2502,0,-16,1843,-1007,-873,-1454,2600,14670,-1,-1,0,0,0,0,0,496,11,11,11,10,10,10
  79856200,    102054,      2502,0,-16,1844,-1007,-872,-1458,2612,14702,-1,-1,0,0,0,0,0,496,11,11,11,10,10,10
  79256182,    102051,      2502,0,-16,1843,-1006,-873,-1412,2548,14686,-2,-1,0,0,0,0,0,496,11,11,11,10,10,10
  79556195,    102055,      2502,0,-16,1843,-1007,-873,-1454,2600,14670,-1,-1,0,0,0,0,0,496,11,11,11,10,10,10
  79856200,    102054,      2502,0,-16,1844,-1007,-872,-1458,2612,14702,-1,-1,0,0,0,0,0,496,11,11,11,10,10,10
  79256182,    102051,      2502,0,-16,1843,-1006,-873,-1412,2548,14686,-2,-1,0,0,0,0,0,496,11,11,11,10,10,10
  79556195,    102055,      2502,0,-16,1843,-1007,-873,-1454,2600,14670,-1,-1,0,0,0,0,0,496,11,11,11,10,10,10
  79856200,    102054,      2502,0,-16,1844,-1007,-872,-1458,2612,14702,-1,-1,0,0,0,0,0,496,11,11,11,10,10,10
  79256182,    102051,      2502,0,-16,1843,-1006,-873,-1412,2548,14686,-2,-1,0,0,0,0,0,496,11,11,11,10,10,10
  79556195,    102055,      2502,0,-16,1843,-1007,-873,-1454,2600,14670,-1,-1,0,0,0,0,0,496,11,11,11,10,10,10
  79856200,    102054,      2502,0,-16,1844,-1007,-872,-1458,2612,14702,-1,-1,0,0,0,0,0,496,11,11,11,10,10,10
 127039950,    102061,      2503,0,-16,1840,-1001,-846,-1464,2598,14682,-1,-1,0,0,0,0,0,496,11,11,11,10,10,10
 127339954,    102060,      2503,0,-16,1840,-1002,-846,-1432,2656,14670,-1,-1,0,0,0,0,0,496,11,11,11,10,10,10
 127639958,    102060,      2503,0,-16,1840,-1001,-846,-1446,2610,14680,-1,-3,0,0,0,0,0,496,11,11,11,10,10,10
 127939965,    102058,      2503,0,-16,1841,-1006,-846,-1464,2640,14640,-1,-3,0,0,0,0,0,496,11,11,11,10,10,10
 127039950,    102061,      2503,0,-16,1840,-1001,-846,-1464,2598,14682,-1,-1,0,0,0,0,0,496,11,11,11,10,10,10
 127339954,    102060,      2503,0,-16,1840,-1002,-846,-1432,2656,14670,-1,-1,0,0,0,0,0,496,11,11,11,10,10,10
 127639958,    102060,      2503,0,-16,1840,-1001,-846,-1446,2610,14680,-1,-3,0,0,0,0,0,496,11,11,11,10,10,10
 127939965,    102058,      2503,0,-16,1841,-1006,-846,-1464,2640,14640,-1,-3,0,0,0,0,0,496,11,11,11,10,10,10
 127039950,    102061,      2503,0,-16,1840,-1001,-846,-1464,2598,14682,-1,-1,0,0,0,0,0,496,11,11,11,10,10,10
 127339954,    102060,      2503,0,-16,1840,-1002,-846,-1432,2656,14670,-1,-1,0,0,0,0,0,496,11,11,11,10,10,10
 127639958,    102060,      2503,0,-16,1840,-1001,-846,-1446,2610,14680,-1,-3,0,0,0,0,0,496,11,11,11,10,10,10
 127939965,    102058,      2503,0,-16,1841,-1006,-846,-1464,2640,14640,-1,-3,0,0,0,0,0,496,11,11,11,10,10,10
 127039950,    102061,      2503,0,-16,1840,-1001,-846,-1464,2598,14682,-1,-1,0,0,0,0,0,496,11,11,11,10,10,10
 127339954,    102060,      2503,0,-16,1840,-1002,-846,-1432,2656,14670,-1,-1,0,0,0,0,0,496,11,11,11,10,10,10
 127639958,    102060,      2503,0,-16,1840,-1001,-846,-1446,2610,14680,-1,-3,0,0,0,0,0,496,11,11,11,10,10,10
 127939965,    102058,      2503,0,-16,1841,-1006,-846,-1464,2640,14640,-1,-3,0,0,0,0,0,496,11,11,11,10,10,10
 127039950,    102061,      2503,0,-16,1840,-1001,-846,-1464,2598,14682,-1,-1,0,0,0,0,0,496,11,11,11,10,10,10
 127339954,    102060,      2503,0,-16,1840,-1002,-846,-1432,2656,14670,-1,-1,0,0,0,0,0,496,11,11,11,10,10,10
 127639958,    102060,      2503,0,-16,1840,-1001,-846,-1446,2610,14680,-1,-3,0,0,0,0,0,496,11,11,11,10,10,10
 127939965,    102058,      2503,0,-16,1841,-1006,-846,-1464,2640,14640,-1,-3,0,0,0,0,0,496,11,11,11,10,10,10
 127039950,    102061,      2503,0,-16,1840,-1001,-846,-1464,2598,14682,-1,-1,0,0,0,0,0,496,11,11,11,10,10,10
 127339954,    102060,      2503,0,-16,1840,-1002,-846,-1432,2656,14670,-1,-1,0,0,0,0,0,496,11,11,11,10,10,10
 127639958,    102060,      2503,0,-16,1840,-1001,-846,-1446,2610,14680,-1,-3,0,0,0,0,0,496,11,11,11,10,10,10
 127939965,    102058,      2503,0,-16,1841,-1006,-846,-1464,2640,14640,-1,-3,0,0,0,0,0,496,11,11,11,10,10,10
 127339954,    102060,      2503,0,-16,1840,-1002,-846,-1432,2656,14670,-1,-1,0,0,0,0,0,496,11,11,11,10,10,10
 127639958,    102060,      2503,0,-16,1840,-1001,-846,-1446,2610,14680,-1,-3,0,0,0,0,0,496,11,11,11,10,10,10
 127339954,    102060,      2503,0,-16,1840,-1002,-846,-1432,2656,14670,-1,-1,0,0,0,0,0,496,11,11,11,10,10,10
 127639958,    102060,      2503,0,-16,1840,-1001,-846,-1446,2610,14680,-1,-3,0,0,0,0,0,496,11,11,11,10,10,10
 127339954,    102060,      2503,0,-16,1840,-1002,-846,-1432,2656,14670,-1,-1,0,0,0,0,0,496,11,11,11,10,10,10
 127639958,    102060,      2503,0,-16,1840,-1001,-846,-1446,2610,14680,-1,-3,0,0,0,0,0,496,11,11,11,10,10,10
 127939965,    102058,      2503,0,-16,1841,-1006,-846,-1464,2640,14640,-1,-3,0,0,0,0,0,496,11,11,11,10,10,10
 127939965,    102058,      2503,0,-16,1841,-1006,-846,-1464,2640,14640,-1,-3,0,0,0,0,0,496,11,11,11,10,10,10
 127339954,    102060,      2503,0,-16,1840,-1002,-846,-1432,2656,14670,-1,-1,0,0,0,0,0,496,11,11,11,10,10,10
 127939965,    102058,      2503,0,-16,1841,-1006,-846,-1464,2640,14640,-1,-3,0,0,0,0,0,496,11,11,11,10,10,10
 127339954,    102060,      2503,0,-16,1840,-1002,-846,-1432,2656,14670,-1,-1,0,0,0,0,0,496,11,11,11,10,10,10
 127939965,    102058,      2503,0,-16,1841,-1006,-846,-1464,2640,14640,-1,-3,0,0,0,0,0,496,11,11,11,10,10,10
 127639958,    102060,      2503,0,-16,1840,-1001,-846,-1446,2610,14680,-1,-3,0,0,0,0,0,496,11,11,11,10,10,10
 127939965,    102058,      2503,0,-16,1841,-1006,-846,-1464,2640,14640,-1,-3,0,0,0,0,0,496,11,11,11,10,10,10
 127339954,    102060,      2503,0,-16,1840,-1002,-846,-1432,2656,14670,-1,-1,0,0,0,0,0,496,11,11,11,10,10,10
 127639958,    102060,      2503,0,-16,1840,-1001,-846,-1446,2610,14680,-1,-3,0,0,0,0,0,496,11,11,11,10,10,10
 127939965,    102058,      2503,0,-16,1841,-1006,-846,-1464,2640,14640,-1,-3,0,0,0,0,0,496,11,11,11,10,10,10
 127639958,    102060,      2503,0,-16,1840,-1001,-846,-1446,2610,14680,-1,-3,0,0,0,0,0,496,11,11,11,10,10,10
 127939965,    102058,      2503,0,-16,1841,-1006,-846,-1464,2640,14640,-1,-3,0,0,0,0,0,496,11,11,11,10,10,10
 127339954,    102060,      2503,0,-16,1840,-1002,-846,-1432,2656,14670,-1,-1,0,0,0,0,0,496,11,11,11,10,10,10
 127639958,    102060,      2503,0,-16,1840,-1001,-846,-1446,2610,14680,-1,-3,0,0,0,0,0,496,11,11,11,10,10,10
 127939965,    102058,      2503,0,-16,1841,-1006,-846,-1464,2640,14640,-1,-3,0,0,0,0,0,496,11,11,11,10,10,10
 127639958,    102060,      2503,0,-16,1840,-1001,-846,-1446,2610,14680,-1,-3,0,0,0,0,0,496,11,11,11,10,10,10
 127939965,    102058,      2503,0,-16,1841,-1006,-846,-1464,2640,14640,-1,-3,0,0,0,0,0,496,11,11,11,10,10,10
 127639958,    102060,      2503,0,-16,1840,-1001,-846,-1446,2610,14680,-1,-3,0,0,0,0,0,496,11,11,11,10,10,10
 127939965,    102058,      2503,0,-16,1841,-1006,-846,-1464,2640,14640,-1,-3,0,0,0,0,0,496,11,11,11,10,10,10
 127339954,    102060,      2503,0,-16,1840,-1002,-846,-1432,2656,14670,-1,-1,0,0,0,0,0,496,11,11,11,10,10,10
 127639958,    102060,      2503,0,-16,1840,-1001,-846,-1446,2610,14680,-1,-3,0,0,0,0,0,496,11,11,11,10,10,10
 127939965,    102058,      2503,0,-16,1841,-1006,-846,-1464,2640,14640,-1,-3,0,0,0,0,0,496,11,11,11,10,10,10
 127639958,    102060,      2503,0,-16,1840,-1001,-846,-1446,2610,14680,-1,-3,0,0,0,0,0,496,11,11,11,10,10,10
 127939965,    102058,      2503,0,-16,1841,-1006,-846,-1464,2640,14640,-1,-3,0,0,0,0,0,496,11,11,11,10,10,10
 127339954,    102060,      2503,0,-16,1840,-1002,-846,-1432,2656,14670,-1,-1,0,0,0,0,0,496,11,11,11,10,10,10
 127639958,    102060,      2503,0,-16,1840,-1001,-846,-1446,2610,14680,-1,-3,0,0,0,0,0,496,11,11,11,10,10,10
 127939965,    102058,      2503,0,-16,1841,-1006,-846,-1464,2640,14640,-1,-3,0,0,0,0,0,496,11,11,11,10,10,10
  33320866,    102301,      2320,2,-16,-1358,403,-25328,628,-1220,15834,-28,-23,-30,0,0,0,0,507,0,0,0,10,10,10
  80472359,    102309,      2290,2,-16,-2088,-1549,32731,-2758,-2568,16158,-135,-45,-38,247,247,247,247,364,0,0,0,10,10,10
  80772379,    102309,      2290,2,-16,-2274,-1491,32549,-1948,-2696,15354,-39,57,-94,247,247,247,247,364,0,0,0,10,10,10
  81072408,    102307,      2290,2,-16,-2396,-1362,32273,-1998,-2698,16018,-28,-18,-75,247,247,247,247,364,0,0,0,10,10,10
  80472359,    102309,      2290,2,-16,-2088,-1549,32731,-2758,-2568,16158,-135,-45,-38,247,247,247,247,364,0,0,0,10,10,10
  80772379,    102309,      2290,2,-16,-2274,-1491,32549,-1948,-2696,15354,-39,57,-94,247,247,247,247,364,0,0,0,10,10,10
  81072408,    102307,      2290,2,-16,-2396,-1362,32273,-1998,-2698,16018,-28,-18,-75,247,247,247,247,364,0,0,0,10,10,10
  80472359,    102309,      2290,2,-16,-2088,-1549,32731,-2758,-2568,16158,-135,-45,-38,247,247,247,247,364,0,0,0,10,10,10
  80772379,    102309,      2290,2,-16,-2274,-1491,32549,-1948,-2696,15354,-39,57,-94,247,247,247,247,364,0,0,0,10,10,10
  80472359,    102309,      2290,2,-16,-2088,-1549,32731,-2758,-2568,16158,-135,-45,-38,247,247,247,247,364,0,0,0,10,10,10
  80772379,    102309,      2290,2,-16,-2274,-1491,32549,-1948,-2696,15354,-39,57,-94,247,247,247,247,364,0,0,0,10,10,10
  81072408,    102307,      2290,2,-16,-2396,-1362,32273,-1998,-2698,16018,-28,-18,-75,247,247,247,247,364,0,0,0,10,10,10
  80472359,    102309,      2290,2,-16,-2088,-1549,32731,-2758,-2568,16158,-135,-45,-38,247,247,247,247,364,0,0,0,10,10,10
  80772379,    102309,      2290,2,-16,-2274,-1491,32549,-1948,-2696,15354,-39,57,-94,247,247,247,247,364,0,0,0,10,10,10
  80472359,    102309,      2290,2,-16,-2088,-1549,32731,-2758,-2568,16158,-135,-45,-38,247,247,247,247,364,0,0,0,10,10,10
  80772379,    102309,      2290,2,-16,-2274,-1491,32549,-1948,-2696,15354,-39,57,-94,247,247,247,247,364,0,0,0,10,10,10
  81072408,    102307,      2290,2,-16,-2396,-1362,32273,-1998,-2698,16018,-28,-18,-75,247,247,247,247,364,0,0,0,10,10,10
  80472359,    102309,      2290,2,-16,-2088,-1549,32731,-2758,-2568,16158,-135,-45,-38,247,247,247,247,364,0,0,0,10,10,10
  80772379,    102309,      2290,2,-16,-2274,-1491,32549,-1948,-2696,15354,-39,57,-94,247,247,247,247,364,0,0,0,10,10,10
  80472359,    102309,      2290,2,-16,-2088,-1549,32731,-2758,-2568,16158,-135,-45,-38,247,247,247,247,364,0,0,0,10,10,10
  80772379,    102309,      2290,2,-16,-2274,-1491,32549,-1948,-2696,15354,-39,57,-94,247,247,247,247,364,0,0,0,10,10,10
  81072408,    102307,      2290,2,-16,-2396,-1362,32273,-1998,-2698,16018,-28,-18,-75,247,247,247,247,364,0,0,0,10,10,10
  80472359,    102309,      2290,2,-16,-2088,-1549,32731,-2758,-2568,16158,-135,-45,-38,247,247,247,247,364,0,0,0,10,10,10
  81072408,    102307,      2290,2,-16,-2396,-1362,32273,-1998,-2698,16018,-28,-18,-75,247,247,247,247,364,0,0,0,10,10,10
  80472359,    102309,      2290,2,-16,-2088,-1549,32731,-2758,-2568,16158,-135,-45,-38,247,247,247,247,364,0,0,0,10,10,10
  80772379,    102309,      2290,2,-16,-2274,-1491,32549,-1948,-2696,15354,-39,57,-94,247,247,247,247,364,0,0,0,10,10,10
  81072408,    102307,      2290,2,-16,-2396,-1362,32273,-1998,-2698,16018,-28,-18,-75,247,247,247,247,364,0,0,0,10,10,10
  80472359,    102309,      2290,2,-16,-2088,-1549,32731,-2758,-2568,16158,-135,-45,-38,247,247,247,247,364,0,0,0,10,10,10
  81072408,    102307,      2290,2,-16,-2396,-1362,32273,-1998,-2698,16018,-28,-18,-75,247,247,247,247,364,0,0,0,10,10,10
  80472359,    102309,      2290,2,-16,-2088,-1549,32731,-2758,-2568,16158,-135,-45,-38,247,247,247,247,364,0,0,0,10,10,10
  80772379,    102309,      2290,2,-16,-2274,-1491,32549,-1948,-2696,15354,-39,57,-94,247,247,247,247,364,0,0,0,10,10,10
  81072408,    102307,      2290,2,-16,-2396,-1362,32273,-1998,-2698,16018,-28,-18,-75,247,247,247,247,364,0,0,0,10,10,10
  80472359,    102309,      2290,2,-16,-2088,-1549,32731,-2758,-2568,16158,-135,-45,-38,247,247,247,247,364,0,0,0,10,10,10
  80472359,    102309,      2290,2,-16,-2088,-1549,32731,-2758,-2568,16158,-135,-45,-38,247,247,247,247,364,0,0,0,10,10,10
  80772379,    102309,      2290,2,-16,-2274,-1491,32549,-1948,-2696,15354,-39,57,-94,247,247,247,247,364,0,0,0,10,10,10
  81072408,    102307,      2290,2,-16,-2396,-1362,32273,-1998,-2698,16018,-28,-18,-75,247,247,247,247,364,0,0,0,10,10,10
  80772379,    102309,      2290,2,-16,-2274,-1491,32549,-1948,-2696,15354,-39,57,-94,247,247,247,247,364,0,0,0,10,10,10
  81072408,    102307,      2290,2,-16,-2396,-1362,32273,-1998,-2698,16018,-28,-18,-75,247,247,247,247,364,0,0,0,10,10,10
  80472359,    102309,      2290,2,-16,-2088,-1549,32731,-2758,-2568,16158,-135,-45,-38,247,247,247,247,364,0,0,0,10,10,10
  80772379,    102309,      2290,2,-16,-2274,-1491,32549,-1948,-2696,15354,-39,57,-94,247,247,247,247,364,0,0,0,10,10,10
  81072408,    102307,      2290,2,-16,-2396,-1362,32273,-1998,-2698,16018,-28,-18,-75,247,247,247,247,364,0,0,0,10,10,10
  80772379,    102309,      2290,2,-16,-2274,-1491,32549,-1948,-2696,15354,-39,57,-94,247,247,247,247,364,0,0,0,10,10,10
  81072408,    102307,      2290,2,-16,-2396,-1362,32273,-1998,-2698,16018,-28,-18,-75,247,247,247,247,364,0,0,0,10,10,10
  80472359,    102309,      2290,2,-16,-2088,-1549,32731,-2758,-2568,16158,-135,-45,-38,247,247,247,247,364,0,0,0,10,10,10
  80772379,    102309,      2290,2,-16,-2274,-1491,32549,-1948,-2696,15354,-39,57,-94,247,247,247,247,364,0,0,0,10,10,10
  81072408,    102307,      2290,2,-16,-2396,-1362,32273,-1998,-2698,16018,-28,-18,-75,247,247,247,247,364,0,0,0,10,10,10
  80772379,    102309,      2290,2,-16,-2274,-1491,32549,-1948,-2696,15354,-39,57,-94,247,247,247,247,364,0,0,0,10,10,10
  81072408,    102307,      2290,2,-16,-2396,-1362,32273,-1998,-2698,16018,-28,-18,-75,247,247,247,247,364,0,0,0,10,10,10
  80472359,    102309,      2290,2,-16,-2088,-1549,32731,-2758,-2568,16158,-135,-45,-38,247,247,247,247,364,0,0,0,10,10,10
  80772379,    102309,      2290,2,-16,-2274,-1491,32549,-1948,-2696,15354,-39,57,-94,247,247,247,247,364,0,0,0,10,10,10
  81072408,    102307,      2290,2,-16,-2396,-1362,32273,-1998,-2698,16018,-28,-18,-75,247,247,247,247,364,0,0,0,10,10,10
  80772379,    102309,      2290,2,-16,-2274,-1491,32549,-1948,-2696,15354,-39,57,-94,247,247,247,247,364,0,0,0,10,10,10
  81072408,    102307,      2290,2,-16,-2396,-1362,32273,-1998,-2698,16018,-28,-18,-75,247,247,247,247,364,0,0,0,10,10,10
  80472359,    102309,      2290,2,-16,-2088,-1549,32731,-2758,-2568,16158,-135,-45,-38,247,247,247,247,364,0,0,0,10,10,10
  80772379,    102309,      2290,2,-16,-2274,-1491,32549,-1948,-2696,15354,-39,57,-94,247,247,247,247,364,0,0,0,10,10,10
  81072408,    102307,      2290,2,-16,-2396,-1362,32273,-1998,-2698,16018,-28,-18,-75,247,247,247,247,364,0,0,0,10,10,10
  80472359,    102309,      2290,2,-16,-2088,-1549,32731,-2758,-2568,16158,-135,-45,-38,247,247,247,247,364,0,0,0,10,10,10
  80772379,    102309,      2290,2,-16,-2274,-1491,32549,-1948,-2696,15354,-39,57,-94,247,247,247,247,364,0,0,0,10,10,10
  81072408,    102307,      2290,2,-16,-2396,-1362,32273,-1998,-2698,16018,-28,-18,-75,247,247,247,247,364,0,0,0,10,10,10
  80472359,    102309,      2290,2,-16,-2088,-1549,32731,-2758,-2568,16158,-135,-45,-38,247,247,247,247,364,0,0,0,10,10,10
  80772379,    102309,      2290,2,-16,-2274,-1491,32549,-1948,-2696,15354,-39,57,-94,247,247,247,247,364,0,0,0,10,10,10
  81072408,    102307,      2290,2,-16,-2396,-1362,32273,-1998,-2698,16018,-28,-18,-75,247,247,247,247,364,0,0,0,10,10,10
  80772379,    102309,      2290,2,-16,-2274,-1491,32549,-1948,-2696,15354,-39,57,-94,247,247,247,247,364,0,0,0,10,10,10
  81072408,    102307,      2290,2,-16,-2396,-1362,32273,-1998,-2698,16018,-28,-18,-75,247,247,247,247,364,0,0,0,10,10,10
  80472359,    102309,      2290,2,-16,-2088,-1549,32731,-2758,-2568,16158,-135,-45,-38,247,247,247,247,364,0,0,0,10,10,10
  80772379,    102309,      2290,2,-16,-2274,-1491,32549,-1948,-2696,15354,-39,57,-94,247,247,247,247,364,0,0,0,10,10,10
  81072408,    102307,      2290,2,-16,-2396,-1362,32273,-1998,-2698,16018,-28,-18,-75,247,247,247,247,364,0,0,0,10,10,10
  80772379,    102309,      2290,2,-16,-2274,-1491,32549,-1948,-2696,15354,-39,57,-94,247,247,247,247,364,0,0,0,10,10,10
  81072408,    102307,      2290,2,-16,-2396,-1362,32273,-1998,-2698,16018,-28,-18,-75,247,247,247,247,364,0,0,0,10,10,10
  90299646,    102307,      2291,0,-16,-1941,-1178,30800,-1638,-2072,15488,21,-81,-20,0,0,0,0,0,0,0,0,10,10,10
 137153872,    102305,      2297,5,-16,-2154,-1231,23915,-1996,-2898,15128,-60,301,-71,0,0,0,0,0,0,0,0,10,5,10
 137453936,    102308,      2297,5,-16,-3346,-1358,23033,-2112,-4132,16122,-499,-134,-262,0,0,0,0,0,0,0,0,10,5,10
 137754018,    102307,      2297,5,-16,-3208,-449,24119,-2130,-4160,14876,245,-10,224,0,0,0,0,0,0,0,0,10,5,10
 137153872,    102305,      2297,5,-16,-2154,-1231,23915,-1996,-2898,15128,-60,301,-71,0,0,0,0,0,0,0,0,10,5,10
 137453936,    102308,      2297,5,-16,-3346,-1358,23033,-2112,-4132,16122,-499,-134,-262,0,0,0,0,0,0,0,0,10,5,10
 137754018,    102307,      2297,5,-16,-3208,-449,24119,-2130,-4160,14876,245,-10,224,0,0,0,0,0,0,0,0,10,5,10
 138054029,    102305,      2297,5,-16,-2377,-486,25057,-970,-3598,15912,80,-515,383,0,0,0,0,0,0,0,0,10,5,10
 137153872,    102305,      2297,5,-16,-2154,-1231,23915,-1996,-2898,15128,-60,301,-71,0,0,0,0,0,0,0,0,10,5,10
 137453936,    102308,      2297,5,-16,-3346,-1358,23033,-2112,-4132,16122,-499,-134,-262,0,0,0,0,0,0,0,0,10,5,10
 138054029,    102305,      2297,5,-16,-2377,-486,25057,-970,-3598,15912,80,-515,383,0,0,0,0,0,0,0,0,10,5,10
 137153872,    102305,      2297,5,-16,-2154,-1231,23915,-1996,-2898,15128,-60,301,-71,0,0,0,0,0,0,0,0,10,5,10
 137453936,    102308,      2297,5,-16,-3346,-1358,23033,-2112,-4132,16122,-499,-134,-262,0,0,0,0,0,0,0,0,10,5,10
 137754018,    102307,      2297,5,-16,-3208,-449,24119,-2130,-4160,14876,245,-10,224,0,0,0,0,0,0,0,0,10,5,10
 138054029,    102305,      2297,5,-16,-2377,-486,25057,-970,-3598,15912,80,-515,383,0,0,0,0,0,0,0,0,10,5,10
 137153872,    102305,      2297,5,-16,-2154,-1231,23915,-1996,-2898,15128,-60,301,-71,0,0,0,0,0,0,0,0,10,5,10
 137453936,    102308,      2297,5,-16,-3346,-1358,23033,-2112,-4132,16122,-499,-134,-262,0,0,0,0,0,0,0,0,10,5,10
 138054029,    102305,      2297,5,-16,-2377,-486,25057,-970,-3598,15912,80,-515,383,0,0,0,0,0,0,0,0,10,5,10
 137153872,    102305,      2297,5,-16,-2154,-1231,23915,-1996,-2898,15128,-60,301,-71,0,0,0,0,0,0,0,0,10,5,10
 137453936,    102308,      2297,5,-16,-3346,-1358,23033,-2112,-4132,16122,-499,-134,-262,0,0,0,0,0,0,0,0,10,5,10
 137754018,    102307,      2297,5,-16,-3208,-449,24119,-2130,-4160,14876,245,-10,224,0,0,0,0,0,0,0,0,10,5,10
 138054029,    102305,      2297,5,-16,-2377,-486,25057,-970,-3598,15912,80,-515,383,0,0,0,0,0,0,0,0,10,5,10
 138054029,    102305,      2297,5,-16,-2377,-486,25057,-970,-3598,15912,80,-515,383,0,0,0,0,0,0,0,0,10,5,10
 137754018,    102307,      2297,5,-16,-3208,-449,24119,-2130,-4160,14876,245,-10,224,0,0,0,0,0,0,0,0,10,5,10
 138054029,    102305,      2297,5,-16,-2377,-486,25057,-970,-3598,15912,80,-515,383,0,0,0,0,0,0,0,0,10,5,10
 137754018,    102307,      2297,5,-16,-3208,-449,24119,-2130,-4160,14876,245,-10,224,0,0,0,0,0,0,0,0,10,5,10
 138054029,    102305,      2297,5,-16,-2377,-486,25057,-970,-3598,15912,80,-515,383,0,0,0,0,0,0,0,0,10,5,10
 137754018,    102307,      2297,5,-16,-3208,-449,24119,-2130,-4160,14876,245,-10,224,0,0,0,0,0,0,0,0,10,5,10
 138054029,    102305,      2297,5,-16,-2377,-486,25057,-970,-3598,15912,80,-515,383,0,0,0,0,0,0,0,0,10,5,10
 138054029,    102305,      2297,5,-16,-2377,-486,25057,-970,-3598,15912,80,-515,383,0,0,0,0,0,0,0,0,10,5,10
 137754018,    102307,      2297,5,-16,-3208,-449,24119,-2130,-4160,14876,245,-10,224,0,0,0,0,0,0,0,0,10,5,10
 138054029,    102305,      2297,5,-16,-2377,-486,25057,-970,-3598,15912,80,-515,383,0,0,0,0,0,0,0,0,10,5,10
 137453936,    102308,      2297,5,-16,-3346,-1358,23033,-2112,-4132,16122,-499,-134,-262,0,0,0,0,0,0,0,0,10,5,10
 137754018,    102307,      2297,5,-16,-3208,-449,24119,-2130,-4160,14876,245,-10,224,0,0,0,0,0,0,0,0,10,5,10
 138054029,    102305,      2297,5,-16,-2377,-486,25057,-970,-3598,15912,80,-515,383,0,0,0,0,0,0,0,0,10,5,10
 137754018,    102307,      2297,5,-16,-3208,-449,24119,-2130,-4160,14876,245,-10,224,0,0,0,0,0,0,0,0,10,5,10
 138054029,    102305,      2297,5,-16,-2377,-486,25057,-970,-3598,15912,80,-515,383,0,0,0,0,0,0,0,0,10,5,10
 137453936,    102308,      2297,5,-16,-3346,-1358,23033,-2112,-4132,16122,-499,-134,-262,0,0,0,0,0,0,0,0,10,5,10
 137754018,    102307,      2297,5,-16,-3208,-449,24119,-2130,-4160,14876,245,-10,224,0,0,0,0,0,0,0,0,10,5,10
 138054029,    102305,      2297,5,-16,-2377,-486,25057,-970,-3598,15912,80,-515,383,0,0,0,0,0,0,0,0,10,5,10
 137754018,    102307,      2297,5,-16,-3208,-449,24119,-2130,-4160,14876,245,-10,224,0,0,0,0,0,0,0,0,10,5,10
 138054029,    102305,      2297,5,-16,-2377,-486,25057,-970,-3598,15912,80,-515,383,0,0,0,0,0,0,0,0,10,5,10
 137453936,    102308,      2297,5,-16,-3346,-1358,23033,-2112,-4132,16122,-499,-134,-262,0,0,0,0,0,0,0,0,10,5,10
 137754018,    102307,      2297,5,-16,-3208,-449,24119,-2130,-4160,14876,245,-10,224,0,0,0,0,0,0,0,0,10,5,10
 138054029,    102305,      2297,5,-16,-2377,-486,25057,-970,-3598,15912,80,-515,383,0,0,0,0,0,0,0,0,10,5,10
 137754018,    102307,      2297,5,-16,-3208,-449,24119,-2130,-4160,14876,245,-10,224,0,0,0,0,0,0,0,0,10,5,10
 138054029,    102305,      2297,5,-16,-2377,-486,25057,-970,-3598,15912,80,-515,383,0,0,0,0,0,0,0,0,10,5,10
 137453936,    102308,      2297,5,-16,-3346,-1358,23033,-2112,-4132,16122,-499,-134,-262,0,0,0,0,0,0,0,0,10,5,10
 137754018,    102307,      2297,5,-16,-3208,-449,24119,-2130,-4160,14876,245,-10,224,0,0,0,0,0,0,0,0,10,5,10
 138054029,    102305,      2297,5,-16,-2377,-486,25057,-970,-3598,15912,80,-515,383,0,0,0,0,0,0,0,0,10,5,10
 137453936,    102308,      2297,5,-16,-3346,-1358,23033,-2112,-4132,16122,-499,-134,-262,0,0,0,0,0,0,0,0,10,5,10
 137754018,    102307,      2297,5,-16,-3208,-449,24119,-2130,-4160,14876,245,-10,224,0,0,0,0,0,0,0,0,10,5,10
 138054029,    102305,      2297,5,-16,-2377,-486,25057,-970,-3598,15912,80,-515,383,0,0,0,0,0,0,0,0,10,5,10
 137453936,    102308,      2297,5,-16,-3346,-1358,23033,-2112,-4132,16122,-499,-134,-262,0,0,0,0,0,0,0,0,10,5,10
 137754018,    102307,      2297,5,-16,-3208,-449,24119,-2130,-4160,14876,245,-10,224,0,0,0,0,0,0,0,0,10,5,10
 138054029,    102305,      2297,5,-16,-2377,-486,25057,-970,-3598,15912,80,-515,383,0,0,0,0,0,0,0,0,10,5,10
 137453936,    102308,      2297,5,-16,-3346,-1358,23033,-2112,-4132,16122,-499,-134,-262,0,0,0,0,0,0,0,0,10,5,10
 137754018,    102307,      2297,5,-16,-3208,-449,24119,-2130,-4160,14876,245,-10,224,0,0,0,0,0,0,0,0,10,5,10
 138054029,    102305,      2297,5,-16,-2377,-486,25057,-970,-3598,15912,80,-515,383,0,0,0,0,0,0,0,0,10,5,10
 137453936,    102308,      2297,5,-16,-3346,-1358,23033,-2112,-4132,16122,-499,-134,-262,0,0,0,0,0,0,0,0,10,5,10
 137754018,    102307,      2297,5,-16,-3208,-449,24119,-2130,-4160,14876,245,-10,224,0,0,0,0,0,0,0,0,10,5,10
 138054029,    102305,      2297,5,-16,-2377,-486,25057,-970,-3598,15912,80,-515,383,0,0,0,0,0,0,0,0,10,5,10
 137453936,    102308,      2297,5,-16,-3346,-1358,23033,-2112,-4132,16122,-499,-134,-262,0,0,0,0,0,0,0,0,10,5,10
 137754018,    102307,      2297,5,-16,-3208,-449,24119,-2130,-4160,14876,245,-10,224,0,0,0,0,0,0,0,0,10,5,10
 137453936,    102308,      2297,5,-16,-3346,-1358,23033,-2112,-4132,16122,-499,-134,-262,0,0,0,0,0,0,0,0,10,5,10
 137754018,    102307,      2297,5,-16,-3208,-449,24119,-2130,-4160,14876,245,-10,224,0,0,0,0,0,0,0,0,10,5,10
 138054029,    102305,      2297,5,-16,-2377,-486,25057,-970,-3598,15912,80,-515,383,0,0,0,0,0,0,0,0,10,5,10
 137453936,    102308,      2297,5,-16,-3346,-1358,23033,-2112,-4132,16122,-499,-134,-262,0,0,0,0,0,0,0,0,10,5,10
 137754018,    102307,      2297,5,-16,-3208,-449,24119,-2130,-4160,14876,245,-10,224,0,0,0,0,0,0,0,0,10,5,10
 137453936,    102308,      2297,5,-16,-3346,-1358,23033,-2112,-4132,16122,-499,-134,-262,0,0,0,0,0,0,0,0,10,5,10
 137754018,    102307,      2297,5,-16,-3208,-449,24119,-2130,-4160,14876,245,-10,224,0,0,0,0,0,0,0,0,10,5,10
 138054029,    102305,      2297,5,-16,-2377,-486,25057,-970,-3598,15912,80,-515,383,0,0,0,0,0,0,0,0,10,5,10
  88283950,    102317,      2264,4,-16,-682,-1949,-21060,-3140,-102,15942,-30,-78,17,221,208,221,208,291,0,0,0,14,10,10
  99922391,    102317,      2259,0,-16,-1585,-1783,-18823,-2612,-2108,15308,130,80,89,0,0,0,0,0,0,0,0,14,10,10
 100222692,    102316,      2260,0,-16,-1422,-1835,-18810,-2178,-1352,16000,-122,-9,-89,0,0,0,0,0,0,0,0,14,10,10
  99922391,    102317,      2259,0,-16,-1585,-1783,-18823,-2612,-2108,15308,130,80,89,0,0,0,0,0,0,0,0,14,10,10
 100222692,    102316,      2260,0,-16,-1422,-1835,-18810,-2178,-1352,16000,-122,-9,-89,0,0,0,0,0,0,0,0,14,10,10
 100522700,    102317,      2261,0,-16,-1224,-2084,-18781,-3002,-1196,15738,13,-18,97,0,0,0,0,0,0,0,0,14,10,10
 100822714,    102316,      2262,0,-16,-1074,-2123,-18701,-3272,-624,15652,-133,-1,-14,0,0,0,0,0,0,0,0,14,10,10
  99922391,    102317,      2259,0,-16,-1585,-1783,-18823,-2612,-2108,15308,130,80,89,0,0,0,0,0,0,0,0,14,10,10
 100522700,    102317,      2261,0,-16,-1224,-2084,-18781,-3002,-1196,15738,13,-18,97,0,0,0,0,0,0,0,0,14,10,10
 100822714,    102316,      2262,0,-16,-1074,-2123,-18701,-3272,-624,15652,-133,-1,-14,0,0,0,0,0,0,0,0,14,10,10
  99922391,    102317,      2259,0,-16,-1585,-1783,-18823,-2612,-2108,15308,130,80,89,0,0,0,0,0,0,0,0,14,10,10
 100222692,    102316,      2260,0,-16,-1422,-1835,-18810,-2178,-1352,16000,-122,-9,-89,0,0,0,0,0,0,0,0,14,10,10
 100522700,    102317,      2261,0,-16,-1224,-2084,-18781,-3002,-1196,15738,13,-18,97,0,0,0,0,0,0,0,0,14,10,10
 100822714,    102316,      2262,0,-16,-1074,-2123,-18701,-3272,-624,15652,-133,-1,-14,0,0,0,0,0,0,0,0,14,10,10
  99922391,    102317,      2259,0,-16,-1585,-1783,-18823,-2612,-2108,15308,130,80,89,0,0,0,0,0,0,0,0,14,10,10
 100522700,    102317,      2261,0,-16,-1224,-2084,-18781,-3002,-1196,15738,13,-18,97,0,0,0,0,0,0,0,0,14,10,10
 100822714,    102316,      2262,0,-16,-1074,-2123,-18701,-3272,-624,15652,-133,-1,-14,0,0,0,0,0,0,0,0,14,10,10
 101122717,    102317,      2262,0,-16,-946,-2089,-18620,-3130,-562,15864,181,37,28,0,0,0,0,0,0,0,0,14,10,10
 147976364,    102319,      2295,5,-16,-1072,-1913,-29034,-2752,-1078,15676,4,-7,-32,208,208,208,208,259,0,0,0,14,6,7
 148276408,    102317,      2295,5,-16,-1110,-1794,-29022,-2410,-996,15600,-57,-5,-36,208,208,208,208,259,0,0,0,14,6,7
 148576440,    102314,      2294,5,-16,-1072,-1797,-29206,-2620,-1014,15638,-91,56,-125,208,208,208,208,259,0,0,0,14,6,7
 147976364,    102319,      2295,5,-16,-1072,-1913,-29034,-2752,-1078,15676,4,-7,-32,208,208,208,208,259,0,0,0,14,6,7
 148276408,    102317,      2295,5,-16,-1110,-1794,-29022,-2410,-996,15600,-57,-5,-36,208,208,208,208,259,0,0,0,14,6,7
 148576440,    102314,      2294,5,-16,-1072,-1797,-29206,-2620,-1014,15638,-91,56,-125,208,208,208,208,259,0,0,0,14,6,7
 148876489,    102317,      2294,5,-16,-1077,-1770,-29359,-2568,-680,15752,112,45,-87,312,200,200,273,285,0,0,0,14,6,7
 148876489,    102317,      2294,5,-16,-1077,-1770,-29359,-2568,-680,15752,112,45,-87,312,200,200,273,285,0,0,0,14,6,7
 148876489,    102317,      2294,5,-16,-1077,-1770,-29359,-2568,-680,15752,112,45,-87,312,200,200,273,285,0,0,0,14,6,7
 148576440,    102314,      2294,5,-16,-1072,-1797,-29206,-2620,-1014,15638,-91,56,-125,208,208,208,208,259,0,0,0,14,6,7
 148876489,    102317,      2294,5,-16,-1077,-1770,-29359,-2568,-680,15752,112,45,-87,312,200,200,273,285,0,0,0,14,6,7
 148576440,    102314,      2294,5,-16,-1072,-1797,-29206,-2620,-1014,15638,-91,56,-125,208,208,208,208,259,0,0,0,14,6,7
 148876489,    102317,      2294,5,-16,-1077,-1770,-29359,-2568,-680,15752,112,45,-87,312,200,200,273,285,0,0,0,14,6,7
 148876489,    102317,      2294,5,-16,-1077,-1770,-29359,-2568,-680,15752,112,45,-87,312,200,200,273,285,0,0,0,14,6,7
 148276408,    102317,      2295,5,-16,-1110,-1794,-29022,-2410,-996,15600,-57,-5,-36,208,208,208,208,259,0,0,0,14,6,7
 148576440,    102314,      2294,5,-16,-1072,-1797,-29206,-2620,-1014,15638,-91,56,-125,208,208,208,208,259,0,0,0,14,6,7
 148876489,    102317,      2294,5,-16,-1077,-1770,-29359,-2568,-680,15752,112,45,-87,312,200,200,273,285,0,0,0,14,6,7
 148276408,    102317,      2295,5,-16,-1110,-1794,-29022,-2410,-996,15600,-57,-5,-36,208,208,208,208,259,0,0,0,14,6,7
 148576440,    102314,      2294,5,-16,-1072,-1797,-29206,-2620,-1014,15638,-91,56,-125,208,208,208,208,259,0,0,0,14,6,7
 148876489,    102317,      2294,5,-16,-1077,-1770,-29359,-2568,-680,15752,112,45,-87,312,200,200,273,285,0,0,0,14,6,7
 148276408,    102317,      2295,5,-16,-1110,-1794,-29022,-2410,-996,15600,-57,-5,-36,208,208,208,208,259,0,0,0,14,6,7
 148576440,    102314,      2294,5,-16,-1072,-1797,-29206,-2620,-1014,15638,-91,56,-125,208,208,208,208,259,0,0,0,14,6,7
 148876489,    102317,      2294,5,-16,-1077,-1770,-29359,-2568,-680,15752,112,45,-87,312,200,200,273,285,0,0,0,14,6,7
 148276408,    102317,      2295,5,-16,-1110,-1794,-29022,-2410,-996,15600,-57,-5,-36,208,208,208,208,259,0,0,0,14,6,7
 148576440,    102314,      2294,5,-16,-1072,-1797,-29206,-2620,-1014,15638,-91,56,-125,208,208,208,208,259,0,0,0,14,6,7
 148876489,    102317,      2294,5,-16,-1077,-1770,-29359,-2568,-680,15752,112,45,-87,312,200,200,273,285,0,0,0,14,6,7
 148276408,    102317,      2295,5,-16,-1110,-1794,-29022,-2410,-996,15600,-57,-5,-36,208,208,208,208,259,0,0,0,14,6,7
 148576440,    102314,      2294,5,-16,-1072,-1797,-29206,-2620,-1014,15638,-91,56,-125,208,208,208,208,259,0,0,0,14,6,7
 148876489,    102317,      2294,5,-16,-1077,-1770,-29359,-2568,-680,15752,112,45,-87,312,200,200,273,285,0,0,0,14,6,7
 148276408,    102317,      2295,5,-16,-1110,-1794,-29022,-2410,-996,15600,-57,-5,-36,208,208,208,208,259,0,0,0,14,6,7
 148576440,    102314,      2294,5,-16,-1072,-1797,-29206,-2620,-1014,15638,-91,56,-125,208,208,208,208,259,0,0,0,14,6,7
 148876489,    102317,      2294,5,-16,-1077,-1770,-29359,-2568,-680,15752,112,45,-87,312,200,200,273,285,0,0,0,14,6,7
 148276408,    102317,      2295,5,-16,-1110,-1794,-29022,-2410,-996,15600,-57,-5,-36,208,208,208,208,259,0,0,0,14,6,7
 148876489,    102317,      2294,5,-16,-1077,-1770,-29359,-2568,-680,15752,112,45,-87,312,200,200,273,285,0,0,0,14,6,7
